<?xml version="1.0" encoding="UTF-8"?>
<project-private xmlns="http://www.netbeans.org/ns/project-private/1">
    <editor-bookmarks xmlns="http://www.netbeans.org/ns/editor-bookmarks/2" lastBookmarkId="0"/>
    <open-files xmlns="http://www.netbeans.org/ns/projectui-open-files/2">
        <group>
            <file>file:/C:/Users/Win10/Desktop/NetBeans%20EE%20WEB/SourceCode/TestGK_2/src/QuanLy/JF_QLPB.java</file>
            <file>file:/C:/Users/Win10/Desktop/NetBeans%20EE%20WEB/SourceCode/TestGK_2/src/QuanLy/FakeData.java</file>
            <file>file:/C:/Users/Win10/Desktop/NetBeans%20EE%20WEB/SourceCode/TestGK_2/src/QuanLy/PhongBan.java</file>
            <file>file:/C:/Users/Win10/Desktop/NetBeans%20EE%20WEB/SourceCode/TestGK_2/src/QuanLy/JF_QL.java</file>
            <file>file:/C:/Users/Win10/Desktop/NetBeans%20EE%20WEB/SourceCode/TestGK_2/src/QuanLy/JF_QLNV.java</file>
        </group>
    </open-files>
</project-private>
